INSERT INTO school.Group (group_id, class)
VALUES (101, 5),
       (211, 8),
       (201, 9),
       (311, 6),
       (666, 11),
       (555, 10);

INSERT INTO school.Student (student_id, name, surname, group_id, phone_number, telegram_id, vk_id,
                            social_security_number)
VALUES (1, 'Иван', 'Иванов', '101', '+79955063027', 't.me/turn_Tryuggvi', 'vk.com/dangerous_MaE$TrO', 5121873705),
       (2, 'Евгений', 'Павлов', '211', '+79832643978', 't.me/Wirum', 'vk.com/Ulorysa', 6800489296),
       (3, 'Анна', 'Сидорова', '201', '+79588165131', 't.me/Avika', 'vk.com/Qulebbr', 3084135076),
       (4, 'Елена', 'Петрова', '311', '+79582102753', 't.me/Detector_Be3yn4iK', 'vk.com/Temptation_Kaprizon',
        5657697001),
       (5, 'Юлия', 'Соловьева', '211', '+79024282035', NULL, 'vk.com/Charming_hostess_BroDyaga',
        8268630878),
       (6, 'Александр', 'Смирнов', '101', '+79969014075', 't.me/number_Stalker', 'vk.com/tomcat_GrUsTnYy_PiLoT',
        2132421447),
       (7, 'Ольга', 'Кузнецова', '201', '+79968095859', 't.me/Odd_duck_Animeshnuk', NULL,
        8889850394),
       (8, 'Дарья', 'Соколова', '666', '+79046281745', 't.me/Help_bringer_malchik', 'vk.com/monitor_lizard_CaXaPok',
        1312497731),
       (9, 'Валентин', 'Зайцев', '555', '+79583250166', 't.me/control_odinochka', 'vk.com/world_FaNtIk', 5464343475),
       (10, 'Мария', 'Волкова', '101', '+79022058382', 't.me/family_Nochnoy_samuray', 'vk.com/population_KoT_MaTrOsKiN',
        7949800666),
       (11, 'Наталья', 'Лебедева', '101', '+77641894115', 't.me/Dark_horse_Kaprizon', 'vk.com/development_BroDyaga',
        6322207210),
       (12, 'Андрей', 'Козлов', '666', '+79018086850', 't.me/Absolute_zero_KoT_MaTrOsKiN',
        'vk.com/the_outside_GrUsTnYy_PiLoT',
        5959439045),
       (13, 'Владимир', 'Новиков', '211', '+74879808753', 't.me/vladimir_weird_serdceed', NULL,
        4920964569),
       (14, 'Татьяна', 'Морозова', '311', '+77145388115', 't.me/dinosaur_Knyazhna', 'vk.com/typical_Blondink',
        3760855261),
       (15, 'Марина', 'Семенова', '101', '+77143589962', 't.me/funny_Prityagatelnaya', 'vk.com/tomcat_Vanilla',
        6074777021);

INSERT INTO school.Parent (parent_id, name, surname, priority, phone_number, telegram_id, vk_id)
VALUES (1, 'Николай', 'Иванов', TRUE, '+79101234567', 't.me/super_niko', 'vk.com/nikolaus'),
       (2, 'Антонина', 'Смирнова', FALSE, '+79202345678', 't.me/flowing_tina', 'vk.com/sirene_tina'),
       (3, 'Аркадий', 'Петров', TRUE, '+79303456789', NULL, NULL),
       (4, 'Дарья', 'Козлова', TRUE, '+79404567890', 't.me/lunar_darya', 'vk.com/lunatic_darya'),
       (5, 'Максим', 'Новиков', FALSE, '+79505678901', 't.me/electric_max', 'vk.com/max_power'),
       (6, 'Ксения', 'Морозова', TRUE, '+79606789012', 't.me/icy_ksu', 'vk.com/frosty_ksu'),
       (7, 'Сергей', 'Соколов', TRUE, '+79707890123', NULL, 'vk.com/serge_the_mage'),
       (8, 'Юлия', 'Федорова', TRUE, '+79808901234', 't.me/sunshine_yul', 'vk.com/yul_the_artist'),
       (9, 'Артем', 'Васильев', TRUE, '+79909012345', 't.me/space_art', 'vk.com/art_vasya'),
       (10, 'Елена', 'Попова', FALSE, '+79110123456', 't.me/galactic_elen', NULL),
       (11, 'Павел', 'Сидоров', FALSE, '+79211234567', 't.me/quantum_pavel', 'vk.com/paul_quantum'),
       (12, 'Анастасия', 'Александрова', TRUE, '+79312345678', 't.me/magic_nastya', 'vk.com/nastya_magic'),
       (13, 'Илья', 'Фомин', TRUE, '+79413456789', 't.me/firefly_ilya', 'vk.com/ilya_firefly'),
       (14, 'Татьяна', 'Кузнецова', TRUE, '+79514567890', 't.me/energy_tanya', 'vk.com/tanya_energy'),
       (15, 'Григорий', 'Макаров', TRUE, '+79615678901', NULL, 'vk.com/greg_gamma'),
       (16, 'Мария', 'Белова', TRUE, '+79716789012', 't.me/magic_mary', 'vk.com/mary_magician'),
       (17, 'Алексей', 'Егоров', FALSE, '+79817890123', 't.me/astro_alex', 'vk.com/alex_stargazer');

INSERT INTO school.StudentParent (student_id, parent_id)
VALUES (1, 1),
       (1, 2),
       (2, 3),
       (3, 3),
       (4, 4),
       (4, 5),
       (5, 6),
       (6, 7),
       (7, 8),
       (8, 8),
       (9, 9),
       (9, 10),
       (10, 11),
       (10, 12),
       (11, 13),
       (12, 14),
       (13, 15),
       (14, 15),
       (15, 16),
       (15, 17);

INSERT INTO school.Teacher (teacher_id, name, surname, phone_number, telegram_id, vk_id)
VALUES (1, 'Артемий', 'Зверев', '+79101234567', 't.me/art_beast', 'vk.com/beast_art'),
       (2, 'Елизавета', 'Шарова', '+79202345678', 't.me/liza_star', 'vk.com/liza_star'),
       (3, 'Игнат', 'Данилов', '+79303456789', 't.me/ignatius', 'vk.com/ignatius'),
       (4, 'Оксана', 'Горбунова', '+79404567890', 't.me/oksana_magic', 'vk.com/oksana_magic'),
       (5, 'Савва', 'Корнеев', '+79505678901', 't.me/savva_wizard', 'vk.com/savva_wizard'),
       (6, 'Нелли', 'Панова', '+79606789012', 't.me/nelly_mystery', 'vk.com/nelly_mystery'),
       (7, 'Матвей', 'Макаров', '+79707890123', 't.me/matvey_magician', 'vk.com/matvey_magician'),
       (8, 'Милана', 'Суворова', '+79808901234', 't.me/milana_enigma', 'vk.com/milana_enigma'),
       (9, 'Всеволод', 'Кузнецов', '+79909012345', 't.me/vsevolod_wonder', 'vk.com/vsevolod_wonder'),
       (10, 'Есения', 'Голубева', '+79110123456', 't.me/yesenia_alchemy', 'vk.com/yesenia_alchemy');

INSERT INTO school.Subject (subject_id, name)
VALUES (1, 'Математика'),
       (2, 'Физика'),
       (3, 'Химия'),
       (4, 'Литература'),
       (5, 'История'),
       (6, 'Биология'),
       (7, 'География'),
       (8, 'Информатика'),
       (9, 'Иностранный язык'),
       (10, 'Русский язык');

INSERT INTO school.TeacherSubject (teacher_subject_id, teacher_id, subject_id)
VALUES (1, 1, 1),
       (2, 1, 2),
       (3, 1, 8),
       (4, 2, 3),
       (5, 2, 2),
       (6, 3, 7),
       (7, 4, 10),
       (8, 4, 4),
       (9, 5, 7),
       (10, 6, 8),
       (11, 7, 9),
       (12, 7, 5),
       (13, 8, 3),
       (14, 8, 1),
       (15, 9, 10),
       (16, 9, 4),
       (17, 10, 6);

INSERT INTO school.Homework (homework_id, teacher_subject_id, group_id, deadline, text)
VALUES (1, 1, 101, '2024-03-26 18:00:00', 'Решить задачи 1-10 страница 15'),
       (2, 4, 201, '2024-03-28 16:00:00', 'Написать реферат на тему "Химические элементы и их свойства"'),
       (3, 17, 101, '2024-03-27 14:00:00', 'Прочитать главу о животном мире и ответить на вопросы'),
       (4, 7, 311, '2024-03-29 15:00:00', 'Написать сочинение на тему "Мой любимый литературный герой"'),
       (5, 6, 211, '2024-03-25 17:00:00', 'Подготовить презентацию о культурных достопримечательностях'),
       (6, 3, 666, '2024-03-26 18:00:00', 'Написать программу на языке Python'),
       (7, 11, 555, '2024-03-27 12:00:00', 'Выучить новые слова и составить диалог'),
       (8, 16, 101, '2024-03-28 16:00:00', 'Прочитать роман "Война и мир"'),
       (9, 1, 101, '2024-03-29 14:00:00', 'Решить упражнения по теме "Свойства меры"'),
       (10, 17, 101, '2024-03-25 15:00:00', 'Посадить и исследовать растения в ботаническом саду');

INSERT INTO school.GradeBook (book_id, grade_date, student_id, teacher_subject_id, mark)
VALUES (1, '2024-03-26', 1, 1, 4),
       (2, '2024-03-26', 2, 1, 5),
       (3, '2024-03-26', 6, 6, 4),
       (4, '2024-03-26', 10, 15, 5),
       (5, '2024-03-26', 11, 15, 4),
       (6, '2024-03-26', 15, 15, 3),
       (7, '2024-03-26', 3, 4, 4),
       (8, '2024-03-26', 5, 9, 5),
       (9, '2024-03-26', 13, 17, 4),
       (10, '2024-03-26', 4, 7, 5),
       (11, '2024-03-26', 14, 7, 4),
       (12, '2024-03-26', 8, 11, 3),
       (13, '2024-03-26', 9, 11, 5),
       (14, '2024-03-26', 7, 9, 4),
       (15, '2024-03-26', 8, 9, 3),
       (16, '2024-03-26', 12, 10, 5),
       (17, '2024-03-26', 3, 4, 5),
       (18, '2024-03-26', 7, 4, 4),
       (19, '2024-03-26', 1, 1, 3),
       (20, '2024-03-26', 2, 1, 4);
